Condutividade,DO,pH,ORP,Profundidade,Temperatura,Turbidez,Clorofila
121.73,8.32,7.47,198.04,0.37,20.55,6.98,59.97
121.29,5.67,6.9,231.3,0.4,19.98,4.65,30.59
120.77,5.33,6.79,229.2,0.42,19.61,3.94,17.06
119.5,7.61,7.1,228.61,0.41,19.47,5.2,38.0
121.17,7.96,7.12,208.77,0.39,19.73,4.76,24.39
120.21,7.9,7.31,224.04,0.4,19.46,5.47,21.21
119.96,7.94,7.36,221.75,0.35,19.31,5.94,32.3
120.79,8.48,7.65,222.72,0.35,19.74,7.7,27.23
121.46,8.15,7.49,214.16,0.4,20.0,8.42,16.71
122.33,6.79,7.15,217.03,0.4,19.88,5.75,22.62
122.27,6.17,6.95,195.3,0.33,19.79,3.57,6.8
122.81,4.77,6.79,199.12,0.38,19.71,2.05,5.12
123.06,4.08,6.69,222.39,0.41,19.61,2.07,6.1
121.96,4.14,6.63,244.41,0.49,19.24,2.21,7.12
122.33,4.77,6.72,250.29,0.5,19.03,2.06,8.16
118.53,5.14,6.63,220.65,0.43,19.13,1.43,9.54
115.83,6.32,7.72,140.69,0.4,19.52,1.08,15.45
115.23,8.17,8.31,140.62,0.39,19.81,1.78,26.15
115.85,9.45,8.9,132.17,0.38,20.15,2.18,30.68
117.19,10.5,9.49,132.39,0.32,20.73,2.75,33.2
121.15,11.85,9.92,127.79,0.3,21.96,3.1,35.21
116.04,10.1,9.52,126.44,0.35,21.56,3.92,51.13
115.15,7.68,8.3,142.56,0.33,21.0,3.21,34.2
115.07,7.0,8.1,149.36,0.3,20.88,2.32,20.62
116.56,6.64,7.95,176.15,0.26,21.06,1.74,16.51
117.33,7.19,8.13,235.46,0.3,21.51,2.36,19.36
119.33,7.29,8.16,209.84,0.3,22.0,1.61,16.59
120.63,7.72,8.28,175.48,0.3,22.6,1.42,16.95
121.88,6.89,7.96,175.74,0.3,22.76,1.71,19.25
131.47,8.36,7.9,160.37,0.3,23.26,2.07,21.11
132.29,8.38,7.97,180.79,0.31,23.58,1.95,21.48
129.48,6.65,7.38,242.06,0.39,22.84,2.4,25.87
131.35,7.51,7.7,282.31,0.31,23.21,2.33,25.94
131.33,7.83,7.65,281.57,0.28,23.35,2.52,28.47
128.73,6.38,7.24,277.36,0.31,22.42,2.87,28.13
125.75,5.71,7.13,269.67,0.3,21.65,3.24,27.57
125.83,5.98,7.21,264.42,0.3,21.38,3.0,27.2
125.0,5.82,7.16,262.38,0.32,21.1,2.94,26.16
125.38,5.77,7.16,253.11,0.34,20.93,2.97,27.98
128.17,7.28,7.63,237.93,0.33,21.84,2.83,26.8
131.98,9.67,8.43,230.47,0.28,23.01,2.84,33.14
127.65,9.1,8.26,246.2,0.27,22.24,2.81,39.11
124.71,6.34,7.24,260.61,0.32,21.16,2.83,34.53
122.1,5.61,7.1,263.72,0.4,20.67,2.77,30.66
122.77,5.81,7.13,259.66,0.38,20.43,2.74,31.43
124.5,6.79,7.35,253.18,0.3,20.87,2.57,27.26
128.71,8.42,7.88,248.31,0.3,21.94,2.62,23.03
132.35,10.16,8.65,231.31,0.28,23.32,2.61,23.68
135.83,10.4,8.88,233.6,0.21,24.1,2.87,27.22
136.33,9.12,8.65,220.56,0.22,24.15,3.22,32.48
135.02,7.18,7.51,231.05,0.37,23.32,3.24,29.11
131.38,6.92,7.34,244.15,0.38,22.72,3.05,26.51
134.56,8.39,7.95,242.83,0.31,23.73,2.84,28.51
134.63,8.66,8.09,237.53,0.3,23.76,3.24,35.36
132.46,7.72,7.68,242.0,0.3,23.38,3.42,32.69
130.69,6.87,7.31,247.42,0.3,23.06,3.18,27.96
135.44,8.09,7.78,251.56,0.3,23.8,3.15,31.99
136.43,9.23,8.41,240.76,0.3,24.42,3.39,35.63
138.91,9.58,8.73,233.42,0.29,25.34,3.31,40.16
134.74,8.61,8.14,232.31,0.28,24.97,3.27,37.31
128.51,7.07,7.44,236.76,0.3,23.94,3.24,34.6
127.32,5.92,7.07,240.45,0.3,23.25,3.2,28.23
130.15,6.08,7.08,239.94,0.3,23.04,2.79,30.93
129.98,5.6,7.05,236.55,0.27,22.89,2.48,26.16
137.44,6.28,7.64,195.72,0.22,23.33,2.69,28.31
142.69,7.33,8.21,167.98,0.25,24.1,2.64,31.89
144.9,7.9,8.27,168.01,0.3,24.53,2.72,30.87
140.95,6.55,7.7,175.87,0.32,23.83,2.97,27.53
141.81,6.3,7.69,177.03,0.31,23.54,2.62,33.32
144.13,7.39,8.12,171.27,0.28,24.15,2.58,34.81
146.19,8.62,8.66,163.09,0.29,24.88,2.78,39.51
150.69,9.49,9.01,162.7,0.29,25.8,3.15,38.07
149.17,9.18,9.15,155.73,0.26,25.92,3.3,34.27
147.31,7.31,8.16,163.9,0.3,25.28,3.95,32.86
144.5,7.35,8.03,166.92,0.3,25.14,3.62,28.26
144.71,7.25,8.04,165.07,0.3,25.42,3.14,26.32
147.19,7.66,8.2,162.41,0.3,25.8,2.94,27.76
147.76,8.19,8.42,154.8,0.3,25.94,2.98,33.85
145.52,6.72,7.76,160.32,0.3,25.36,3.42,30.34
142.67,5.59,7.54,165.34,0.3,24.61,3.75,27.39
141.27,5.21,7.48,166.95,0.3,24.3,3.44,24.63
141.58,5.71,7.57,151.27,0.3,24.61,2.93,23.74
141.94,6.53,7.71,130.91,0.3,24.97,2.64,22.21
141.52,6.14,7.6,130.44,0.3,24.66,2.7,23.45
140.71,5.97,7.59,130.18,0.3,24.42,2.82,24.38
136.68,5.8,7.6,118.04,0.26,24.39,3.08,27.2
130.4,6.15,7.75,100.76,0.23,24.36,2.83,26.96
130.29,6.27,7.79,98.89,0.2,24.24,2.7,28.47
129.81,6.6,7.83,99.88,0.2,24.26,2.69,28.23
131.28,7.15,8.11,92.61,0.2,24.59,2.61,28.4
138.24,10.1,8.97,85.72,0.3,27.66,2.62,24.24
130.54,9.76,9.02,87.86,0.28,27.07,2.65,24.89
136.54,9.09,9.05,89.03,0.28,27.02,2.64,28.31
133.9,8.07,8.72,92.3,0.28,26.64,2.59,29.91
135.27,7.83,8.47,105.71,0.26,26.6,3.15,30.45
137.04,7.87,8.37,117.53,0.26,26.59,3.17,34.82
138.35,8.08,8.39,124.11,0.29,26.83,3.64,35.39
139.6,8.01,8.37,126.97,0.26,27.01,6.7,34.36
142.06,8.84,8.76,128.02,0.27,27.66,4.9,34.65
142.27,8.19,8.51,140.41,0.32,27.59,5.95,24.16
141.81,6.61,7.72,153.4,0.32,27.04,5.82,18.72
142.35,7.06,7.89,157.65,0.3,27.07,5.19,17.82
144.25,8.02,8.28,160.0,0.3,27.5,4.98,19.73
141.02,8.87,9.26,178.64,0.35,27.58,5.86,21.81
138.35,8.85,9.89,167.92,0.4,27.78,6.44,17.47
138.91,8.72,9.87,160.76,0.4,27.93,6.65,16.84
138.5,7.91,9.43,160.97,0.4,28.2,5.19,14.24
139.52,5.88,8.37,176.01,0.42,27.88,3.03,14.01
138.23,4.62,8.06,179.66,0.44,27.2,2.32,16.53
139.27,5.19,8.3,177.29,0.42,27.64,2.06,17.49
138.42,6.01,8.5,175.82,0.41,27.41,2.02,25.47
137.56,6.63,8.65,173.41,0.4,27.04,2.34,31.81
137.04,6.52,8.55,174.47,0.4,26.98,2.7,31.62
137.88,4.82,8.04,176.9,0.4,26.7,3.23,24.67
140.38,4.81,8.02,179.75,0.4,26.91,2.8,20.92
142.79,5.33,8.1,181.91,0.4,27.07,2.75,20.09
144.9,6.9,8.93,181.45,0.4,27.56,2.82,26.12
145.36,7.47,8.31,177.31,0.39,27.78,2.88,28.16
142.98,6.76,7.71,177.43,0.39,27.62,2.36,28.76
142.98,7.4,8.01,182.44,0.36,27.88,4.14,33.42
143.6,7.52,8.05,187.83,0.35,27.85,2.71,34.4
142.4,7.38,7.97,187.49,0.4,27.74,2.94,33.07
143.29,7.42,7.88,188.19,0.4,28.16,2.91,26.24
145.65,8.04,8.33,183.69,0.4,28.58,2.53,27.08
147.52,8.39,8.55,193.73,0.4,28.89,2.19,27.96
147.94,8.78,8.71,184.25,0.4,29.05,1.99,25.82
148.96,8.67,8.76,182.06,0.4,29.05,1.79,24.11
151.5,8.79,8.8,192.41,0.39,29.23,1.7,25.86
151.73,8.67,8.86,193.71,0.39,29.18,1.77,27.62
152.63,8.52,8.71,197.66,0.38,29.27,2.0,25.23
152.56,8.15,8.46,206.18,0.4,29.06,1.72,26.24
152.54,8.04,8.31,204.83,0.4,29.06,2.07,27.41
138.31,8.36,8.47,200.01,0.4,29.27,6.66,30.41
152.02,8.66,8.61,201.9,0.4,29.37,22.01,34.04
152.6,8.71,8.71,200.47,0.39,29.48,23.76,31.33
154.92,8.95,8.7,195.6,0.4,29.59,25.34,32.88
154.15,8.16,8.6,220.19,0.4,29.64,21.12,28.57
154.04,7.64,8.45,243.58,0.4,29.53,20.64,26.37
153.08,7.32,8.44,233.77,0.36,29.09,18.9,30.25
155.0,8.77,9.02,254.08,0.3,29.28,73.9,39.44
152.92,6.57,8.16,238.01,0.35,28.62,152.64,30.87
152.73,4.05,7.38,244.97,0.4,27.94,242.87,21.3
151.69,1.93,7.15,250.63,0.4,27.34,221.28,17.7
150.31,3.13,7.16,241.6,0.4,26.92,198.53,15.35
149.29,4.31,7.28,239.09,0.4,26.55,187.96,18.49
149.96,4.91,7.38,243.51,0.4,26.14,151.75,18.52
150.15,6.79,7.9,248.41,0.4,26.38,143.89,22.22
150.1,7.75,8.15,252.55,0.39,26.57,123.79,25.97
148.83,7.78,8.05,245.58,0.4,26.52,158.08,26.71
148.56,6.57,7.54,233.43,0.4,26.31,210.43,23.3
148.44,7.15,7.72,218.73,0.4,26.46,216.49,25.33
146.7,6.79,7.57,207.84,0.4,26.32,208.22,23.71
145.0,8.77,8.26,110.7,0.4,26.79,2.59,30.2
145.54,8.06,7.79,114.9,0.4,26.39,2.68,31.67
145.88,7.62,7.55,114.55,0.45,26.1,3.0,30.81
145.23,5.51,6.95,111.15,0.5,25.38,3.51,17.72
144.77,5.49,6.96,104.8,0.5,24.9,2.61,16.96
143.83,5.93,7.01,103.01,0.5,24.52,2.5,17.85
144.63,6.6,7.11,115.89,0.5,24.33,2.14,20.28
145.15,6.34,7.19,117.82,0.45,24.17,1.64,17.58
145.54,6.74,7.45,107.12,0.38,24.44,1.06,16.95
145.88,7.05,7.54,106.66,0.36,24.57,0.72,18.89
144.67,7.18,7.52,106.93,0.35,24.55,0.86,19.49
146.35,7.69,7.77,101.0,0.39,24.86,0.81,24.44
145.65,7.54,7.64,98.96,0.4,25.13,0.3,18.7
141.59,6.75,7.38,105.94,0.39,24.84,0.42,19.41
140.21,6.26,7.31,101.41,0.37,24.72,0.39,17.2
140.35,6.01,7.25,100.48,0.4,24.45,0.46,16.88
142.21,5.69,7.31,97.58,0.4,24.47,0.28,14.75
143.09,6.62,7.48,99.78,0.4,24.74,0.31,17.57
142.32,8.24,8.09,102.68,0.33,25.19,1.78,20.4
141.06,8.03,8.04,101.54,0.32,25.46,2.4,18.72
137.69,8.57,8.28,99.91,0.3,25.21,2.9,23.9
137.04,8.15,8.01,101.57,0.37,25.05,3.11,20.64
141.44,7.76,7.78,120.71,0.37,25.19,2.24,13.61
140.73,6.82,7.4,114.75,0.32,24.99,1.82,15.32
138.98,6.91,7.47,112.66,0.36,25.01,2.22,15.95
138.83,4.98,7.08,108.67,0.4,24.31,2.17,11.06
138.93,4.72,6.91,110.2,0.4,23.79,1.37,9.83
138.81,4.64,6.73,99.52,0.4,23.48,0.82,9.66
139.88,4.87,6.75,98.16,0.4,23.59,0.86,10.79
141.88,5.54,6.84,100.78,0.36,24.08,1.03,12.32
141.44,6.52,7.05,100.3,0.37,24.19,1.44,16.01
141.71,6.8,7.05,101.2,0.4,23.85,1.9,21.64
139.17,7.08,7.21,98.45,0.4,23.98,1.75,16.93
138.31,6.75,7.07,104.26,0.36,23.58,2.21,27.71
137.27,6.01,6.87,106.17,0.4,23.33,2.38,23.93
138.9,4.56,6.69,97.91,0.4,23.2,1.12,8.07
139.13,4.21,6.68,95.81,0.4,23.04,1.1,8.31
136.77,5.21,6.78,99.58,0.4,22.59,1.27,13.45
137.04,4.89,6.75,99.55,0.4,22.41,1.03,10.88
135.44,5.28,6.8,100.15,0.44,21.95,1.09,13.14
135.52,5.8,6.9,100.93,0.41,21.73,1.05,14.24
134.27,5.7,6.88,103.55,0.35,21.38,1.34,10.98
132.67,6.1,6.92,106.76,0.31,20.86,1.41,13.51
136.16,6.75,7.21,123.12,0.4,21.22,1.51,15.01
136.46,7.14,7.33,114.83,0.4,21.04,1.33,11.75
138.79,7.82,7.6,104.68,0.4,21.41,1.49,13.66
142.91,10.29,8.54,95.24,0.4,22.27,2.53,26.82
142.81,11.27,9.12,89.07,0.4,22.43,3.11,15.88
140.91,10.6,8.98,90.72,0.4,22.36,2.57,7.17
143.09,9.52,8.34,111.44,0.35,22.56,2.01,2.91
139.85,7.78,7.43,118.4,0.31,21.73,1.71,12.99
136.09,6.85,7.23,111.08,0.39,21.04,2.2,26.32
136.74,6.07,7.09,109.69,0.4,20.66,2.65,30.07
138.42,6.8,7.23,115.48,0.4,20.71,2.16,19.53
139.83,6.73,7.21,111.77,0.38,20.83,1.57,7.29
139.94,7.05,7.26,106.6,0.4,20.89,0.9,8.81
141.4,7.2,7.29,114.82,0.4,21.07,0.87,8.07
142.28,7.13,7.25,125.17,0.36,21.09,0.9,6.71
139.43,6.35,7.13,110.73,0.4,20.58,1.0,11.4
139.77,6.12,7.13,106.94,0.39,20.63,0.98,13.59
140.74,6.43,7.2,105.36,0.4,20.72,1.4,20.09
142.85,6.26,7.13,119.92,0.4,21.15,1.22,13.4
141.96,6.22,7.1,124.71,0.35,20.79,1.34,10.19
135.92,6.03,6.98,125.61,0.35,20.47,1.28,11.86
130.69,6.21,7.01,114.08,0.49,20.55,1.33,16.58
129.66,5.45,6.91,106.46,0.5,20.27,1.35,15.74
128.72,4.76,6.84,102.91,0.5,20.01,1.25,13.19
128.0,4.4,6.78,102.09,0.41,19.88,1.01,11.36
126.23,6.22,6.9,122.67,0.4,18.79,1.53,15.36
126.43,6.43,6.99,115.08,0.45,18.73,1.51,13.42
126.87,6.3,6.96,115.11,0.43,18.63,1.43,11.83
126.29,6.74,7.01,113.98,0.4,18.54,1.45,15.12
125.68,7.24,7.09,114.11,0.4,18.57,2.03,25.29
125.81,8.08,7.38,111.84,0.4,18.81,2.32,32.87
126.36,8.12,7.3,119.55,0.4,18.9,2.92,42.71
127.53,8.21,7.36,123.2,0.52,19.1,2.92,37.35
127.38,7.14,7.07,135.79,0.6,18.92,1.71,16.97
127.24,6.98,7.11,127.48,0.57,18.86,1.93,25.22
129.4,7.19,7.16,146.48,0.51,19.34,1.07,11.42
135.11,9.28,7.9,118.12,0.42,19.98,1.29,11.74
136.03,10.2,8.42,98.06,0.38,19.8,2.03,23.6
133.94,10.02,8.4,100.72,0.4,19.77,3.11,41.48
132.28,9.05,7.94,120.5,0.38,19.84,3.52,47.93
131.44,9.32,7.87,116.57,0.38,20.49,3.4,47.26
130.74,7.98,7.37,122.62,0.4,19.98,2.24,28.51
127.97,6.61,7.06,135.8,0.4,19.23,2.03,24.39
127.48,5.91,7.01,142.29,0.4,18.77,1.84,21.4
128.06,5.92,7.03,147.88,0.4,18.7,1.67,6.91
129.58,5.38,6.97,177.7,0.39,18.87,0.92,2.7
133.5,6.21,7.13,160.04,0.37,19.06,2.11,17.44
134.09,5.62,7.04,156.96,0.33,19.39,1.75,14.17
134.55,5.87,7.05,155.62,0.3,19.58,0.73,4.33
134.85,6.24,7.09,152.62,0.3,19.74,0.65,5.59
135.74,6.49,7.13,151.28,0.3,19.83,0.82,8.65
137.12,8.14,7.45,151.73,0.3,20.28,1.14,14.15
132.76,6.56,7.09,152.82,0.3,19.48,1.05,11.18
131.94,6.89,7.15,146.68,0.3,19.16,1.46,17.68
131.62,7.05,7.11,143.01,0.33,18.91,1.08,20.92
133.46,5.42,6.71,127.68,0.5,18.45,1.8,11.08
132.35,5.58,6.73,123.81,0.5,18.33,1.75,11.68
132.63,5.74,6.75,122.64,0.5,18.33,1.71,11.54
133.65,6.08,6.79,121.28,0.5,18.36,1.66,12.57
134.35,5.99,6.79,120.84,0.5,18.36,1.69,13.38
135.38,6.59,6.87,124.0,0.48,18.66,1.75,16.12
135.08,7.42,7.0,129.95,0.45,18.72,1.84,20.8
133.94,7.72,7.01,137.02,0.41,18.53,2.19,28.82
133.48,7.3,7.02,156.22,0.48,18.49,2.37,25.64
133.13,6.35,6.81,188.96,0.5,18.11,2.09,21.72
134.54,6.98,6.98,168.7,0.44,18.14,1.86,22.13
137.19,8.06,7.4,129.62,0.38,18.61,1.67,21.59
136.15,8.55,7.37,125.9,0.33,18.39,1.99,27.38
133.58,8.23,7.23,127.6,0.3,18.1,2.22,29.88
133.63,8.14,7.32,123.6,0.32,18.08,2.84,34.72
132.81,6.81,7.0,123.2,0.37,17.77,2.58,28.51
132.0,6.72,7.0,122.28,0.41,17.59,2.78,30.87
131.17,6.93,7.03,121.11,0.45,17.41,2.68,28.81
131.4,6.81,7.01,119.85,0.45,17.22,2.73,29.24
132.75,7.5,7.25,119.67,0.4,17.6,2.69,27.11
134.63,8.18,7.46,130.36,0.38,17.9,2.25,22.06
135.29,9.88,8.22,118.31,0.33,18.37,2.13,15.51
137.6,10.44,8.54,110.63,0.3,18.92,3.78,19.39
140.79,9.54,8.1,117.03,0.3,19.44,3.81,14.51
139.77,8.92,7.69,122.34,0.31,19.55,2.99,13.84
136.58,6.88,7.02,131.91,0.4,18.66,2.76,13.77
133.3,6.28,7.1,130.28,0.4,18.22,2.49,15.71
133.65,7.03,7.38,117.7,0.4,18.76,2.2,16.76
131.52,7.34,7.39,113.45,0.4,18.21,2.67,24.6
130.96,6.07,7.17,113.19,0.4,17.79,2.53,19.46
132.54,7.54,7.62,112.4,0.35,18.43,2.96,23.76
136.1,9.47,8.49,107.83,0.32,19.23,3.26,28.33
138.42,10.33,9.04,103.04,0.3,19.74,3.55,29.24
135.31,7.96,7.88,114.12,0.37,18.99,3.74,27.13
130.65,6.02,7.17,123.51,0.42,17.85,4.03,23.79
131.15,6.31,7.23,122.29,0.43,17.75,3.96,18.98
130.96,6.24,7.22,128.24,0.4,17.66,3.5,16.72
132.67,6.51,7.24,146.18,0.4,18.21,2.95,17.2
132.17,7.34,7.35,152.36,0.39,18.37,3.33,22.96
131.21,7.27,7.35,139.75,0.4,18.13,3.66,30.58
130.67,7.11,7.32,138.76,0.4,18.03,3.71,26.98
142.22,8.72,7.67,132.99,0.24,20.6,3.13,22.69
138.27,8.5,7.59,128.45,0.22,20.44,3.01,24.45
137.83,8.5,7.6,128.07,0.2,20.21,3.23,26.95
140.77,8.75,7.84,126.73,0.2,20.43,3.43,33.25
141.44,9.01,8.07,117.42,0.2,20.81,3.64,40.51
138.52,8.56,7.69,120.95,0.21,20.49,3.5,49.8
136.17,7.76,7.42,123.7,0.25,19.75,3.66,54.27
133.6,6.7,7.17,125.31,0.3,18.63,3.73,49.03
134.98,7.42,7.39,118.55,0.29,19.14,3.7,48.18
135.75,7.23,7.23,127.5,0.21,18.94,3.98,51.16
135.71,7.05,7.22,122.35,0.2,19.17,3.77,47.25
138.48,8.26,7.66,117.29,0.2,19.96,4.06,55.62
137.46,7.75,7.37,123.43,0.23,19.79,4.27,60.01
136.92,7.38,7.21,128.87,0.3,19.39,4.48,62.1
136.96,7.76,7.3,122.69,0.3,19.11,4.74,66.14
138.69,8.73,7.82,113.6,0.28,19.45,4.72,69.23
142.29,9.77,8.38,106.78,0.28,20.42,4.61,67.9
142.56,9.88,8.53,103.62,0.3,20.63,4.59,68.39
145.21,10.02,8.67,101.77,0.25,21.42,4.45,60.12
143.1,9.48,8.44,103.98,0.2,20.87,4.73,64.76
145.6,9.21,8.37,103.57,0.21,21.74,5.3,52.81
145.02,8.03,7.55,115.99,0.26,21.3,5.24,55.38
146.13,8.47,7.82,114.44,0.26,21.71,5.16,51.72
149.0,9.35,8.35,108.28,0.22,22.8,4.71,46.71
148.6,8.8,8.09,110.72,0.2,22.36,4.77,45.82
146.96,8.55,7.92,114.61,0.21,22.11,4.49,46.01
142.85,7.34,7.28,120.85,0.28,21.19,4.35,43.34
143.88,7.61,7.4,129.12,0.21,21.01,4.41,40.43
146.65,7.48,7.32,138.39,0.25,20.97,4.72,42.52
147.35,6.79,7.16,137.78,0.3,20.59,4.76,41.13
147.31,6.92,7.2,130.65,0.3,20.6,4.65,38.28
145.33,7.04,7.21,130.31,0.35,20.35,4.35,34.62
148.58,7.9,7.55,127.41,0.3,20.94,4.3,34.3
147.63,8.17,7.52,131.87,0.3,20.69,4.33,39.89
149.4,8.51,7.82,124.41,0.3,21.0,4.12,44.85
148.46,8.11,7.51,133.16,0.3,20.81,4.18,45.69
148.21,7.82,7.43,133.12,0.3,20.62,4.52,45.84
148.21,7.35,7.26,135.55,0.3,20.63,5.19,44.5
149.04,7.58,7.31,133.76,0.3,20.89,4.55,45.03
153.25,8.55,7.85,120.92,0.3,21.96,3.76,42.1
154.63,8.73,7.88,117.05,0.31,22.21,3.72,46.12
152.92,7.36,7.24,125.24,0.4,21.48,4.32,39.56
150.22,7.08,7.16,129.53,0.4,20.95,4.13,33.84
150.0,7.22,7.18,135.32,0.4,20.33,3.94,31.03
148.13,7.57,7.28,131.32,0.4,19.98,3.88,31.31
148.0,7.84,7.43,128.87,0.38,19.97,3.75,31.06
148.94,8.23,7.64,128.02,0.3,20.24,3.53,33.17
150.31,8.74,7.94,127.43,0.3,20.86,3.13,31.33
154.56,9.14,8.21,131.96,0.3,21.97,2.98,33.04
153.4,9.75,8.8,138.24,0.3,22.48,2.8,33.3
153.65,10.16,9.26,141.25,0.3,23.41,2.78,35.26
153.75,9.76,9.19,142.5,0.3,23.62,2.94,35.21
160.79,10.18,9.36,160.56,0.3,25.28,3.28,28.55
155.27,10.24,9.47,145.12,0.3,24.67,3.29,39.57
150.08,8.63,8.65,135.78,0.3,23.26,3.39,40.39
154.08,8.71,8.64,145.54,0.3,23.83,3.4,37.85
155.1,9.02,8.79,149.77,0.3,24.2,3.63,42.92
153.79,8.54,8.54,145.42,0.3,23.86,3.86,45.85
153.96,8.4,8.37,142.71,0.28,23.75,4.14,47.41
151.58,7.59,7.84,144.2,0.3,23.27,4.98,45.92
149.02,6.82,7.53,147.66,0.3,22.41,5.21,45.86
145.83,6.82,7.5,149.35,0.32,21.81,5.07,46.81
147.75,7.58,7.83,151.63,0.3,21.84,4.01,49.58
150.02,8.87,8.3,158.69,0.3,22.42,3.66,52.51
150.58,8.8,8.4,151.89,0.3,22.42,3.8,53.64
149.96,8.89,8.38,149.48,0.3,22.34,3.93,54.84
149.23,8.09,7.98,145.86,0.3,22.24,4.07,50.5
150.83,8.29,8.16,152.61,0.3,22.62,4.45,50.74
155.77,9.57,8.73,158.84,0.26,23.51,548.5,55.92
158.92,10.36,9.38,152.15,0.22,24.23,738.96,60.72
159.06,9.77,9.29,157.91,0.3,24.6,294.66,62.05
159.23,9.17,9.19,159.68,0.3,24.82,56.62,60.5
160.04,8.83,9.06,164.43,0.3,24.88,5.98,60.7
161.63,8.56,8.94,165.18,0.29,25.1,5.93,53.27
159.44,7.69,8.37,164.24,0.26,24.62,5.5,49.2
156.6,6.34,7.69,162.89,0.3,23.99,5.83,39.93
156.38,5.84,7.76,159.95,0.3,23.71,5.74,37.16
157.5,6.42,7.67,158.39,0.29,23.93,4.77,36.54
158.15,7.11,7.83,155.26,0.29,24.1,4.94,43.26
157.56,6.64,7.71,157.05,0.3,23.97,4.63,43.03
157.29,6.3,7.6,155.53,0.3,23.73,4.77,45.35
164.23,7.98,8.27,161.64,0.2,24.3,4.01,47.42
164.63,8.81,8.71,146.92,0.2,24.26,3.77,49.73
165.96,9.05,8.88,145.2,0.2,24.55,3.65,48.45
163.35,6.85,7.73,159.53,0.27,23.61,4.23,47.03
162.02,7.34,7.84,153.44,0.3,22.95,4.23,56.0
162.65,7.94,8.02,150.41,0.3,22.81,4.11,59.03
162.15,8.17,8.17,144.81,0.3,22.52,4.04,62.51
162.4,8.76,8.57,153.85,0.3,22.69,3.84,59.82
165.15,9.66,9.11,145.8,0.28,23.45,3.95,53.42
165.08,9.22,9.19,143.71,0.3,23.61,4.19,49.49
168.42,8.99,9.16,141.24,0.29,24.17,3.87,38.33
168.92,8.84,9.05,144.8,0.25,24.28,3.66,35.13
169.08,8.13,8.47,152.72,0.27,24.07,3.54,34.63
166.42,6.23,7.71,147.4,0.3,23.53,4.85,36.56
169.44,7.07,8.03,157.27,0.23,24.22,4.51,41.88
167.48,6.9,7.85,157.74,0.2,24.41,7.0,49.06
166.52,7.36,7.96,161.46,0.25,24.38,8.46,53.97
166.26,6.71,7.79,154.65,0.3,24.03,6.7,54.45
166.46,6.19,7.67,159.24,0.3,23.62,5.53,54.23
168.58,7.02,7.99,160.04,0.3,23.98,4.58,55.59
172.58,8.29,8.57,154.11,0.29,24.69,4.18,60.55
172.92,8.23,8.69,143.43,0.28,24.93,4.15,63.55
172.79,7.96,8.64,134.59,0.26,25.06,4.39,62.27
171.71,6.74,8.05,139.91,0.28,24.6,4.54,58.3
168.9,5.31,7.61,138.02,0.3,23.69,4.01,50.25
169.42,6.42,7.87,145.37,0.3,23.6,3.56,47.19
173.23,8.48,8.74,136.47,0.3,24.73,3.28,41.63
176.02,9.21,9.13,139.54,0.3,25.47,3.41,44.73
174.13,9.29,9.32,139.88,0.27,25.49,3.27,53.57
171.21,8.52,9.07,141.4,0.25,25.15,3.06,55.6
171.88,7.62,8.61,143.54,0.27,25.08,10.23,46.63
171.83,7.86,8.54,143.27,0.26,25.34,5.48,42.96
169.38,6.57,7.97,156.05,0.2,24.86,12.0,40.3
167.6,6.68,7.9,161.11,0.23,24.43,6.7,45.1
166.3,6.44,7.83,163.29,0.3,24.08,4.66,44.3
167.56,7.24,7.98,169.79,0.3,24.2,5.4,47.25
170.02,8.2,8.53,164.69,0.26,24.68,4.97,50.51
169.42,9.24,9.13,175.42,0.21,25.48,4.16,50.2
168.5,8.79,9.13,174.76,0.2,25.24,3.29,52.81
168.1,8.22,8.79,190.91,0.2,25.08,2.94,49.47
168.13,8.34,8.9,219.22,0.2,25.36,3.09,50.39
167.48,7.53,8.47,229.74,0.24,25.49,3.17,44.38
169.44,6.27,7.86,309.79,0.3,25.03,3.53,35.83
167.23,5.2,7.71,353.67,0.3,24.35,5.5,25.53
167.56,5.21,7.7,351.62,0.3,24.68,3.02,19.24
169.33,5.29,7.82,310.17,0.3,25.24,2.35,15.4
173.58,6.51,8.41,303.72,0.3,26.82,1.93,18.1
176.98,8.25,9.13,296.84,0.26,27.58,2.0,25.96
180.62,7.82,9.01,295.13,0.25,27.62,1.76,28.25
150.28,9.1,8.19,81.34,0.1,23.73,4.08,27.38
147.69,7.22,7.59,65.57,0.11,23.06,5.21,44.09
146.33,7.03,7.51,57.76,0.16,22.65,5.87,57.11
144.65,6.91,7.46,55.9,0.2,22.19,5.03,48.25
142.6,7.14,7.43,53.67,0.2,21.74,4.22,30.95
146.75,9.79,8.18,49.4,0.13,23.1,5.19,38.23
149.04,12.08,8.81,41.72,0.1,23.84,7.01,51.74
145.56,11.42,8.63,43.36,0.12,23.53,8.75,83.3
143.88,8.59,7.75,78.12,0.15,22.97,5.11,29.73
146.23,7.95,7.51,103.29,0.15,23.33,4.27,16.37
142.65,9.19,8.03,89.88,0.16,23.51,4.57,32.03
144.6,7.74,7.49,76.97,0.19,23.5,3.49,16.83
143.55,7.62,7.47,91.53,0.2,23.35,3.29,14.45
149.17,7.29,7.45,98.63,0.23,23.83,4.06,14.03
151.52,8.22,7.83,97.38,0.3,24.65,7.43,30.1
150.5,6.47,7.31,112.2,0.3,24.08,5.42,19.3
146.35,5.03,7.09,112.4,0.3,22.92,4.24,19.55
146.46,4.92,7.1,113.78,0.3,22.92,3.3,9.7
151.4,5.91,7.24,117.92,0.24,23.65,3.3,13.99
151.77,7.27,7.44,119.44,0.23,24.0,4.75,22.94
149.5,6.47,7.28,114.91,0.26,23.52,4.76,28.08
150.25,6.2,7.21,123.38,0.28,23.47,2.77,23.69
148.85,5.31,7.08,118.75,0.3,22.89,2.04,25.85
146.77,5.08,7.06,122.87,0.3,22.38,2.07,21.05
148.48,5.37,7.08,125.44,0.29,22.81,1.14,15.12
148.96,6.27,7.21,121.65,0.26,22.85,1.81,16.18
145.4,6.0,7.12,117.56,0.25,22.74,1.11,15.24
143.5,6.04,7.1,120.1,0.3,22.6,1.55,19.75
146.17,5.42,7.0,122.88,0.26,23.07,0.98,14.54
147.84,6.03,7.04,121.0,0.2,23.5,0.52,13.28
146.52,5.45,6.98,123.77,0.22,23.18,0.42,13.04
144.0,5.37,7.01,115.76,0.2,22.86,1.04,14.5
144.83,6.22,7.09,127.7,0.22,23.58,0.13,8.55
144.6,5.52,6.99,116.2,0.26,23.66,0.22,11.4
144.57,5.77,7.01,125.38,0.21,23.68,0.63,11.12
144.13,4.78,6.84,134.95,0.28,23.22,0.41,11.15
143.51,3.03,6.72,114.56,0.3,22.65,0.61,8.61
141.17,3.51,6.76,108.48,0.25,22.66,0.58,8.36
139.79,3.71,6.75,108.15,0.25,22.69,0.49,7.53
142.18,4.64,6.81,132.65,0.3,23.71,0.31,5.42
142.5,5.63,6.85,134.37,0.2,24.05,0.37,6.83
144.63,6.36,6.92,135.8,0.2,24.9,0.39,9.98
142.5,7.01,7.05,126.81,0.2,25.04,0.44,10.35
145.67,5.81,6.91,134.18,0.2,24.81,0.27,13.28
147.85,6.93,7.08,120.66,0.2,25.28,0.38,23.75
145.55,6.17,6.95,117.02,0.2,24.58,0.32,24.85
145.78,6.95,7.17,110.75,0.2,24.6,0.41,25.52
145.68,7.87,7.33,107.61,0.2,25.1,0.35,23.73
149.05,8.42,7.52,102.03,0.18,25.58,0.37,27.12
147.15,7.52,7.21,105.21,0.19,25.28,0.69,24.6
144.77,6.7,7.03,102.24,0.21,24.78,0.99,20.6
143.31,6.81,7.09,97.5,0.2,24.83,1.16,17.57
138.56,6.94,7.07,95.73,0.2,24.44,1.21,17.16
138.55,6.19,6.91,109.93,0.24,24.14,1.08,14.75
139.1,5.98,6.88,106.98,0.3,23.99,1.21,15.62
140.54,5.51,6.8,106.76,0.3,24.0,1.02,12.51
144.33,6.01,6.91,107.46,0.3,24.55,0.98,13.19
146.02,5.93,6.9,125.87,0.3,25.03,0.88,15.07
145.79,5.48,6.71,213.7,0.3,25.17,1.39,14.19
144.85,2.69,6.4,411.03,0.33,24.33,1.95,11.72
141.62,5.59,6.8,437.34,0.35,23.87,0.95,15.8
140.27,4.67,6.64,467.65,0.31,24.59,0.91,12.26
141.1,3.55,6.54,482.34,0.3,24.08,1.15,10.8
144.45,3.96,6.53,470.66,0.3,24.85,0.49,10.84
136.03,5.45,6.7,472.59,0.3,25.75,1.77,15.22
123.41,4.31,6.5,496.03,0.3,25.36,1.48,16.33
132.84,3.22,6.47,449.09,0.3,24.36,0.74,14.09
139.9,3.47,6.44,452.78,0.3,24.31,1.33,14.33
125.4,6.22,6.82,440.5,0.3,24.74,1.07,16.58
142.03,4.94,6.56,502.96,0.3,25.03,11.21,21.35
144.0,5.43,6.73,497.04,0.3,25.05,1.46,19.82
144.24,4.96,6.65,478.73,0.3,25.27,1.19,21.7
145.91,4.84,6.56,500.35,0.3,25.96,5.34,21.37
146.98,5.68,6.7,498.45,0.3,26.03,1.57,19.75
147.38,4.72,6.54,375.13,0.28,26.48,3.2,19.88
143.44,3.77,6.51,394.65,0.3,25.56,2.42,15.53
141.27,5.31,6.85,427.32,0.3,25.42,2.17,16.78
143.44,5.68,6.8,454.7,0.27,26.68,4.48,15.19
146.25,5.01,6.61,479.63,0.3,27.18,3.4,14.98
145.25,4.35,6.67,482.61,0.3,26.85,2.94,12.7
144.27,5.16,6.83,482.16,0.3,26.19,3.0,14.02
146.27,4.58,6.69,489.94,0.29,26.76,2.65,11.1
148.5,3.96,6.53,501.02,0.29,27.46,3.39,9.11
148.13,3.52,6.49,503.6,0.3,27.47,3.29,8.9
146.38,5.85,6.88,484.2,0.3,27.5,2.94,12.16
147.13,5.36,6.73,494.43,0.27,27.63,3.44,9.92
146.19,3.66,6.55,510.76,0.21,27.12,4.09,8.36
143.6,3.93,6.69,511.7,0.25,26.17,2.4,7.41
141.0,4.49,6.79,497.89,0.3,25.65,2.85,8.4
139.27,3.44,6.66,506.33,0.3,24.51,2.72,6.96
143.42,3.19,6.63,507.63,0.24,24.98,13.17,6.97
